{
	"configs" : [
		{
			"remarks" : "",
			"id" : "D995AEE647FECEC24D767CFE391140BF",
			"server" : "170.178.171.71",
			"server_port" : 22334,
			"server_udp_port" : 0,
			"password" : "dongtaiwang.com",
			"method" : "rc4",
			"protocol" : "origin",
			"protocolparam" : "",
			"obfs" : "plain",
			"obfsparam" : "",
			"remarks_base64" : "",
			"group" : "alvin9999",
			"enable" : true,
			"udp_over_tcp" : false
		}
	],
	"index" : 0,
	"random" : true,
	"sysProxyMode" : 0,
	"shareOverLan" : false,
	"localPort" : 1080,
	"localAuthPassword" : "SyUNWU7xAXf_GpuMPeEL",
	"dnsServer" : "",
	"reconnectTimes" : 2,
	"randomAlgorithm" : 3,
	"randomInGroup" : false,
	"TTL" : 0,
	"connectTimeout" : 5,
	"proxyRuleMode" : 0,
	"proxyEnable" : false,
	"pacDirectGoProxy" : false,
	"proxyType" : 0,
	"proxyHost" : null,
	"proxyPort" : 0,
	"proxyAuthUser" : null,
	"proxyAuthPass" : null,
	"proxyUserAgent" : null,
	"authUser" : null,
	"authPass" : null,
	"autoBan" : false,
	"sameHostForSameTarget" : false,
	"keepVisitTime" : 180,
	"isHideTips" : true,
	"nodeFeedAutoUpdate" : false,
	"serverSubscribes" : [

	],
	"token" : {

	},
	"portMap" : {

	}
}